Project	Date	basics	Julian_Day	day_of_year	decimal_date	Sample_name	Position	Sampling_time	Day_length	Temperature	Secchi	Salinity	Chla_total	Chla_3um	PO4	NH4	NO2	NO3	Si	BP_FC1.55	PNF_Micro	PNF2_5um_Micro	PNF_5um_Micro	Cryptomonas	Micromonas	HNF_Micro	HNF2_5um_Micro	HNF_5um_Micro	LNA	HNA	Prochlorococcus_FC	Peuk1	Peuk2	year	month	day	season	Bacteria_joint	Synechococcus
PICODIV	2003-01-13	NA	1839	13	2003.04	BL030113	41�40�N.2�48�E	10:30-11:30	9.42	13.5	9	36.735776	1.37	0.182639184	0.1	5.27	0.87	2.46	1.53	NA	6433	6155	279	0	4806	922	906	16	NA	NA	NA	NA	NA	2003	01	13	winter	NA	3771
BASICS	2003-01-28	28	1854	28	2003.08	BL030128	41�40�N.2�48�E	10:30-11:30	9.87	14	12	36.834	1.06	0.162	0.16	4.78	0.62	0.74	1.29	0.1	4663	4537	105	19	3561	716	697	19	479000	646000	1082	3957	112	2003	01	28	winter	1130000	3874
BASICS	2003-01-29	29	1855	29	2003.08	BL030129	41�40�N.2�48�E	10:30-11:30	9.9	NA	NA	NA	1.35	NA	0.12	0.16	0.25	0.49	1.19	0.6	NA	NA	NA	NA	NA	NA	NA	NA	496000	707000	2684	7668	143	2003	01	29	winter	1200000	6055
BASICS	2003-03-04	63	1889	63	2003.17	BL030304	41�40�N.2�48�E	10:30-11:30	11.34	11	4.5	35.458864	1.97	0.464	0.14	0.82	0.55	7.11	4.95	1.46	24812	23016	705	1009	18514	1297	1246	51	472000	483000	0	19197	3273	2003	03	04	winter	955000	6670
BASICS	2003-03-05	64	1890	64	2003.18	BL030305	41�40�N.2�48�E	10:30-11:30	11.39	12	4	NA	2.21	NA	0.13	0.09	0.5	6.21	5.31	0.91	NA	NA	NA	NA	NA	NA	NA	NA	376000	351000	0	22532	5826	2003	03	05	winter	727000	5932
BASICS	2003-03-25	84	1910	84	2003.23	BL030325	41�40�N.2�48�E	10:30-11:30	12.33	13	8.5	36.441104	1.13	0.54	0.14	2.53	0.57	1.52	2.87	1.48	9888	9430	0	424	3471	1025	999	27	783000	620000	2841	4774	2684	2003	03	25	winter	1400000	66922
BASICS	2003-03-26	85	1911	85	2003.23	BL030326	41�40�N.2�48�E	10:30-11:30	12.37	14	11	NA	0.55	NA	0.16	0.42	0.2	3.32	2.75	0.15	NA	NA	NA	NA	NA	NA	NA	NA	593000	509000	421	2460	1881	2003	03	26	winter	1100000	18494
BASICS	2003-04-22	112	1938	112	2003.31	BL030422	41�40�N.2�48�E	10:30-11:30	13.6	14.5	16	37.030448	0.54	0.418	0.12	0.79	0.28	0.63	1.975	0.45	16950	16685	24	222	14420	712	712	0	645000	646000	0	12934	732	2003	04	22	spring	1290000	149706
BASICS	2003-04-23	113	1939	113	2003.31	BL030423	41�40�N.2�48�E	10:30-11:30	13.64	15	18	36.834	0.74	NA	0.16	0.19	0.17	0.8	2.41	1.07	NA	NA	NA	NA	NA	NA	NA	NA	479000	337000	0	6526	282	2003	04	23	spring	816000	83741
BASICS	2003-05-13	133	1959	133	2003.36	BL030513	41�40�N.2�48�E	10:30-11:30	14.43	17	17	36.34288	0.51	0.275	0.18	0.25	0.13	0.82	1.42	4	7457	7213	0	226	3650	1586	1489	97	499000	415000	0	2484	1971	2003	05	13	spring	914000	5625
BASICS	2003-05-14	134	1960	134	2003.37	BL030514	41�40�N.2�48�E	10:30-11:30	14.47	17	14	36.441104	0.53	NA	0.18	0.3	0.07	0.58	1.015	2.49	NA	NA	NA	NA	NA	NA	NA	NA	519000	267000	0	2246	2082	2003	05	14	spring	787000	8152
BASICS	2003-06-25	176	2002	176	2003.48	BL030625	41�40�N.2�48�E	10:30-11:30	15.2	25	16	37.226896000000004	0.23	0.116	0.17	1.2	0.11	0.09	1.58	0.92	2164	2130	34	0	413	1138	1109	30	229000	190000	0	1497	711	2003	06	25	spring	420000	15386
BASICS	2003-06-26	177	2003	177	2003.48	BL030626	41�40�N.2�48�E	10:30-11:30	15.2	25.5	NA	37.128672	0.3	NA	0.2	0.94	0.09	0.07	1.35	1.25	NA	NA	NA	NA	NA	NA	NA	NA	231000	268000	0	3617	1201	2003	06	26	spring	499000	19761
BASICS	2003-07-14	195	2021	195	2003.53	BL030714	41�40�N.2�48�E	10:30-11:30	14.95	25.2	17.5	36.539328	0.44	0.227	0.17	1.08	0.06	0.08	0.97	14.47	2385	2168	82	125	552	1530	1455	75	362000	464000	0	1837	1365	2003	07	14	summer	826000	41171
BASICS	2003-07-15	196	2022	196	2003.54	BL030715	41�40�N.2�48�E	10:30-11:30	14.93	25.5	19	36.834	0.44	NA	0.16	1.34	0.05	0.04	0.88	4.14	NA	NA	NA	NA	NA	NA	NA	NA	338000	382000	0	1560	1818	2003	07	15	summer	719000	38963
BASICS	2003-08-04	216	2042	216	2003.59	BL030804	41�40�N.2�48�E	10:30-11:30	14.33	25.2	23.5	37.128672	0.25	0.156	0.17	0.12	0.06	0.04	0.85	2.1	2789	2645	48	89	890	1583	1554	29	567000	374000	1689	1902	1151	2003	08	04	summer	941000	76758
BASICS	2003-08-05	217	2043	217	2003.59	NA	41�40�N.2�48�E	7:20-8:30	14.3	24.2	NA	NA	0.34	NA	NA	NA	NA	NA	NA	1.54	NA	NA	NA	NA	NA	NA	NA	NA	485000	442000	2107	1571	128	2003	08	05	summer	927000	59246
BASICS	2003-08-07	219	2045	219	2003.6	NA	41�40�N.2�48�E	7:20-8:30	14.22	23.6	NA	NA	NA	NA	NA	NA	NA	NA	NA	NA	NA	NA	NA	NA	NA	NA	NA	NA	702000	579000	4059	2440	0	2003	08	07	summer	1280000	61912
BASICS	2003-08-11	223	2049	223	2003.61	NA	41�40�N.2�48�E	7:20-8:30	14.07	25.4	NA	NA	NA	NA	NA	NA	NA	NA	NA	NA	NA	NA	NA	NA	NA	NA	NA	NA	639000	1340000	6135	2744	0	2003	08	11	summer	1980000	70923
BASICS	2003-09-16	259	2085	259	2003.71	BL030916	41�40�N.2�48�E	10:30-11:30	12.5	23	18	NA	0.24	0.161	0.15	0.38	0.05	0.03	1.07	0.28	1480	1450	30	0	55	1315	1260	55	447000	312000	12304	780	1126	2003	09	16	summer	760000	44052
BASICS	2003-09-17	260	2086	260	2003.71	BL030917	41�40�N.2�48�E	10:30-11:30	12.46	22.4	21	38.012688	0.32	NA	NA	NA	NA	NA	NA	2.06	NA	NA	NA	NA	NA	NA	NA	NA	468000	439000	16629	1094	238	2003	09	17	summer	907000	55709
BASICS	2003-09-18	261	2087	261	2003.72	BL030918	41�40�N.2�48�E	10:30-11:30	12.41	NA	NA	NA	NA	NA	NA	NA	NA	NA	NA	NA	NA	NA	NA	NA	NA	NA	NA	NA	494000	508000	30040	1273	341	2003	09	18	summer	1000000	87280
BASICS	2003-10-21	294	2120	294	2003.81	BL031021	41�40�N.2�48�E	10:30-11:30	10.9	18	3.5	36.834	0.36	0.079	0.24	1.02	0.16	5.54	7.59	1.18	1652	1597	36	16	740	547	528	17	427000	334000	11568	830	340	2003	10	21	autumn	762000	17701
BASICS	2003-10-22	295	2121	295	2003.81	BL031022	41�40�N.2�48�E	10:30-11:30	10.86	18	4	36.637552	0.54	NA	0.22	0.48	0.04	1.47	2.39	4.49	NA	NA	NA	NA	NA	NA	NA	NA	460000	451000	20859	2139	811	2003	10	22	autumn	911000	22633
BASICS	2003-11-25	329	2155	329	2003.9	BL031125	41�40�N.2�48�E	10:30-11:30	9.56	16	9	36.932224	0.87	0.253	0.19	0.2	0.2	0.77	1.09	0.75	6959	6551	321	81	4931	950	890	59	481000	518000	7108	5177	805	2003	11	25	autumn	999000	10926
BASICS	2003-11-26	330	2156	330	2003.9	BL031126	41�40�N.2�48�E	10:30-11:30	9.54	16	11	36.34288	0.95	NA	0.18	0.41	0.16	1.18	1.13	1.47	NA	NA	NA	NA	NA	NA	NA	NA	550000	578000	7709	8059	1007	2003	11	26	autumn	1130000	12784
BASICS	2003-12-02	336	2162	336	2003.92	BL031202	41�40�N.2�48�E	10:30-11:30	9.38	15.5	10.5	NA	NA	NA	0.22	0.62	0.18	0.42	0.97	NA	NA	NA	NA	NA	NA	NA	NA	NA	644000	736000	8433	4548	215	2003	12	02	autumn	1380000	14649
BASICS	2003-12-16	350	2176	350	2003.96	BL031216	41�40�N.2�48�E	10:30-11:30	9.17	14.5	6.5	35.458864	3.45	1.019	0.19	0.13	0.65	3.88	5.93	1.12	41247	38744	50	2272	32756	824	824	0	642000	752000	8923	27745	2772	2003	12	16	autumn	1390000	13447
BASICS	2003-12-17	351	2177	351	2003.96	BL031217	41�40�N.2�48�E	10:30-11:30	9.16	15	5.5	35.36064	2.63	NA	0.21	2.7	1.28	4.12	5.88	2.83	NA	NA	NA	NA	NA	NA	NA	NA	593000	840000	8247	21325	2628	2003	12	17	autumn	1430000	11019
BASICS	2004-01-26	391	2217	26	2004.07	BL040126	41�40�N.2�48�E	10:30-11:30	9.8	14	14	37.914464	0.86	0.256	0.22	0.29	0.28	1.53	1.8	0.97	11451	11302	41	100	9258	329	329	0	313000	383000	10982	9242	895	2004	01	26	winter	697000	7421
BASICS	2004-01-27	392	2218	27	2004.07	BL040127	41�40�N.2�48�E	10:30-11:30	9.83	13	10	37.128672	1.61	NA	0.19	0.88	0.25	1.48	1.07	NA	NA	NA	NA	NA	NA	NA	NA	NA	NA	NA	NA	NA	NA	2004	01	27	winter	NA	NA
BASICS	2004-02-23	419	2245	54	2004.15	BL040223	41�40�N.2�48�E	10:30-11:30	10.93	12.9	7	37.226896000000004	0.86	0.062	0.17	0.67	0.23	1.56	0.84	0.66	4924	4547	231	134	3071	1312	1312	0	269000	590000	705	3730	723	2004	02	23	winter	858000	2088
BASICS	2004-02-24	420	2246	55	2004.15	BL040224	41�40�N.2�48�E	10:30-11:30	10.98	12.8	7	37.226896000000004	0.94	NA	0.2	0.17	0.26	1.57	0.92	0.46	NA	NA	NA	NA	NA	NA	NA	NA	258000	552000	901	5350	1158	2004	02	24	winter	810000	2265
BASICS	2004-03-22	447	2273	82	2004.22	BL040322	41�40�N.2�48�E	10:30-11:30	12.23	12.9	12	37.226896000000004	0.81	0.191	0.19	0.28	0.28	2.82	2.47	0.72	8377	8164	57	145	6884	607	580	27	525000	651000	1969	16594	1120	2004	03	22	winter	1180000	12700
BASICS	2004-03-23	448	2274	83	2004.23	BL040323	41�40�N.2�48�E	10:30-11:30	12.28	12.6	12.5	37.32512	0.46	0.191	0.26	0.33	0.24	2.37	1.94	0.85	NA	NA	NA	NA	NA	NA	NA	NA	572000	797000	1577	15011	701	2004	03	23	winter	1370000	14148
BASICS	2004-03-24	449	2275	84	2004.23	BL040324	41�40�N.2�48�E	10:30-11:30	12.33	12.6	13	37.718016	0.4	0.137	0.17	0.21	0.24	2.22	1.61	1.73	NA	NA	NA	NA	NA	NA	NA	NA	567000	703000	851	9786	419	2004	03	24	winter	1270000	11326
BASICS	2004-04-19	475	2301	110	2004.3	BL040419	41�40�N.2�48�E	10:30-11:30	13.51	12.6	6	35.949984	1.36	NA	0.16	1.47	0.36	2.51	6.07	NA	2266	2165	14	80	1424	1793	1768	27	408000	562000	0	3385	451	2004	04	19	spring	970000	2328
BASICS	2004-04-20	476	2302	111	2004.3	BL040420	41�40�N.2�48�E	10:30-11:30	13.56	NA	NA	37.030448	1.12	0.111	0.06	1.44	0.38	1.31	1.73	NA	NA	NA	NA	NA	NA	NA	NA	NA	392000	604000	0	4781	1032	2004	04	20	spring	997000	2365
BASICS	2004-05-25	511	2337	146	2004.4	BL040525	41�40�N.2�48�E	10:30-11:30	14.83	17	9	37.030448	0.71	NA	0.17	0.89	0.33	0.21	3.27	4.78	3593	2578	1014	0	865	1117	1020	97	504000	547000	0	1346	1510	2004	05	25	spring	1050000	18437
BASICS	2004-06-28	545	2371	180	2004.49	BL040628	41�40�N.2�48�E	10:30-11:30	15.18	21.1	14	36.932224	0.44	NA	0.13	0.34	0.05	0.2	2.22	12.13	2835	2459	339	35	966	1599	1599	0	NA	NA	0	966	1493	2004	06	28	spring	1870000	39447
BASICS	2004-07-19	566	2392	201	2004.55	BL040719	41�40�N.2�48�E	10:30-11:30	14.81	24	24	36.932224	0.31	0.103	0.14	0.95	0.2	0.14	1.36	2.57	1228	1014	91	113	203	1357	1301	56	378000	499000	0	855	1573	2004	07	19	summer	877000	32754
BASICS	2004-08-31	609	2435	244	2004.67	BL040831	41�40�N.2�48�E	10:30-11:30	13.18	24.5	17	37.226896000000004	NA	NA	0.1	0.67	0.06	0.25	1.31	18.33	7245	6251	866	118	4540	2047	1899	148	524000	1050000	626	5131	1302	2004	08	31	summer	1580000	50246
BASICS	2004-09-29	638	2464	273	2004.75	BL040929	41�40�N.2�48�E	10:30-11:30	11.86	21.3	15	37.718016	0.68	NA	0.09	0.48	0.05	0.18	1.38	5.13	3469	3161	172	128	381	1748	1685	63	NA	NA	NA	NA	NA	2004	09	29	summer	1243819	56187
BASICS	2004-09-29	638	2464	273	2004.75	BL040929	manguera port	10:30-11:30	11.86	NA	NA	NA	0.38	0.242	0.1	0.22	0.19	0.49	1.32	NA	NA	NA	NA	NA	NA	NA	NA	NA	NA	NA	NA	NA	NA	2004	09	29	summer	NA	NA
BASICS	2004-10-13	652	2478	287	2004.78	BL041013	41�40�N.2�48�E	10:30-11:30	11.21	22.09	24	37.81624	1.14	0.48	0.1	0.64	0.05	0.3	1.22	NA	NA	NA	NA	NA	NA	NA	NA	NA	173000	467000	9805	965	149	2004	10	13	autumn	640000	25805
BASICS	2004-10-19	658	2484	293	2004.8	BL041019	41�40�N.2�48�E	10:30-11:30	10.94	19.2	12	37.521568	0.35	0.22	0.06	0.45	0.06	0.36	1.41	1.71	2811	2811	0	0	730	822	822	0	647000	324000	23918	2212	118	2004	10	19	autumn	971000	53226
BASICS	2004-10-20	659	2485	294	2004.8	BL041020	41�40�N.2�48�E	10:30-11:30	10.9	18.6	NA	37.619792	0.36	0.227	0.12	0.54	0.04	0.32	1.29	NA	NA	NA	NA	NA	NA	NA	NA	NA	598000	242000	37578	2583	74	2004	10	20	autumn	840000	49931
BASICS	2004-10-22	661	2487	296	2004.81	BL041022	41�40�N.2�48�E	10:30-11:30	10.81	NA	NA	NA	0.36	0.14	0.13	0.35	0.01	0.21	1.15	2.12	NA	NA	NA	NA	NA	NA	NA	NA	467000	309000	31949	3883	141	2004	10	22	autumn	776000	69940
BASICS	2004-10-25	664	2490	299	2004.82	BL041025	41�40�N.2�48�E	10:30-11:30	10.68	NA	NA	NA	0.22	0	0.16	0.44	0.01	0.23	1.23	2.22	NA	NA	NA	NA	NA	NA	NA	NA	535000	327000	23978	1641	36	2004	10	25	autumn	862000	49337
BASICS	2004-11-16	686	2512	321	2004.88	BL041116	41�40�N.2�48�E	10:30-11:30	9.81	16	11	36.834	0.7	0.103	0.21	1.03	1.02	0.37	1.78	1.93	1314	1189	109	14	449	883	839	44	384000	473000	8153	476	476	2004	11	16	autumn	857000	6389
BASICS	2004-12-14	714	2540	349	2004.95	BL041214	41�40�N.2�48�E	10:30-11:31	9.18	14.5	15.5	37.226896000000004	0.48	0.214	0.23	1.32	0.29	1.32	2.5	0.5	4768	4418	198	142	3001	664	664	0	383000	427000	16738	3798	770	2004	12	14	autumn	809000	17470
Estramar	2005-01-20	751	2576	20	2005.05	BL050120	41�40�N.2�48�E	10:30-11:30	9.61	13	19	37.030448	0.51	0.225620765	0.24	1.14	0.22	1.05	2.56	0.6	5853	5853	0	0	4414	420	420	0	257000	293000	12052	8599	969	2005	01	20	winter	549000	9549
Estramar	2005-02-15	777	2602	46	2005.13	BL050215	41�40�N.2�48�E	10:30-11:30	10.58	12.11	13	37.6885488	1.34	0.15373942	0.24	1.23	0.22	2.55	2.94	0.9	9976	9784	80	104	8403	505	505	0	330000	573000	4372	12291	868	2005	02	15	winter	904000	6121
Estramar	2005-03-09	799	2624	68	2005.19	BL050309	41�40�N.2�48�E	10:30-11:30	11.58	12.36	20	37.9046416	0.67	0.139576919	0.42	1.53	0.15	6.81	7.06	0.45	12097	11765	233	92	8403	267	257	10	168000	203000	0	9292	1596	2005	03	09	winter	371000	3391
Estramar	2005-04-13	834	2659	103	2005.28	BL050413	41�40�N.2�48�E	10:30-11:30	13.2	12.95	18	37.7376608	2.03	0.094105772	0.29	2.13	0.43	3.3	3.35	5.44	2506	2318	101	81	1543	669	629	40	228000	527000	0	2202	403	2005	04	13	spring	755000	4391
Estramar	2005-05-10	861	2686	130	2005.36	BL050510	41�40�N.2�48�E	10:30-11:30	14.32	15.97	12.5	37.57068	1.13	0.064258496	0.21	1.28	0.14	0.89	1.48	9.57	1357	1212	0	134	722	1158	1135	22	NA	NA	0	1183	363	2005	05	10	spring	1610192	4637
Estramar	2005-06-07	889	2714	158	2005.43	BL050607	41�40�N.2�48�E	10:30-11:30	15.09	19.62	22	38.110912	0.36	0.085730029	0.22	0.98	0.08	0.21	1.34	2.51	4367	4013	101	235	997	2077	2018	59	NA	NA	NA	NA	NA	2005	06	07	spring	935943	19146
Estramar	2005-07-05	917	2742	186	2005.51	BL050705	41�40�N.2�48�E	10:30-11:30	15.12	24	22	NA	0.11	0.024848078	0.23	1.44	0.06	0.22	1.76	0.99	1699	1635	0	59	505	1528	1481	47	NA	NA	NA	NA	NA	2005	07	05	summer	1127596	24823
Estramar	2005-08-03	946	2771	215	2005.59	BL050803	41�40�N.2�48�E	10:30-11:30	14.37	24	20	NA	0.02	0.01	0.21	0.93	0.01	0.14	1.52	1.17	1122	962	128	30	163	1347	1315	33	318000	364000	790	1098	15	2005	08	03	summer	681000	28812
Estramar	2005-09-13	987	2812	256	2005.7	BL050913	41�40�N.2�48�E	10:30-11:30	12.64	26.09	19	NA	0.27	0.062048126	0.19	1.2	0.02	0.27	1.29	1.05	776	760	0	14	101	1281	1251	30	432000	385000	4003	1372	146	2005	09	13	summer	817000	27990
Estramar	2005-10-04	1008	2833	277	2005.76	BL051004	41�40�N.2�48�E	10:30-11:30	11.67	21.54	17	35.0757904	0.57	0.178140578	0.18	1.54	0.11	2.35	1.6	1.73	2052	1966	0	80	573	837	817	20	270000	320000	4354	2221	102	2005	10	04	autumn	590000	27376
Estramar	2005-11-08	1043	2868	312	2005.85	BL051108	41�40�N.2�48�E	10:30-11:30	10.14	17.9	12	37.128672	0.75	0.185935864	0.21	2.16	0.84	2.48	1.81	2.33	1964	1903	0	56	694	575	566	9	519000	585000	9632	1973	62	2005	11	08	autumn	1100000	20547
Estramar	2005-12-13	1078	1020	347	2005.95	BL051213	41�40�N.2�48�E	10:30-11:30	9.2	13.9	15	37.81624	0.6	0.165761442	0.18	1	0.13	1.17	1.86	0.79	2904	2700	93	103	1764	909	888	20	253000	358000	4878	2386	22	2005	12	13	autumn	612000	3932
Procavir	2006-01-11	474	1049	11	2006.03	BL060111	41�40�N.2�48�E	10:30-11:30	9.37	12.59	14	38.30736	0.63	0.335100412	0.21	1	0.18	2.12	2.68	3.43	10214	9920	181	105	7904	592	580	11	64400	130000	1257	3335	67	2006	01	11	winter	194000	3780
Procavir	2006-02-07	501	1076	38	2006.1	BL060207	41�40�N.2�48�E	10:30-11:30	10.25	12	15	NA	0.54	0.421743994	0.22	0.49	0.15	2.26	2.42	3.05	7853	7593	107	142	6053	450	443	8	146000	208000	1049	7557	31	2006	02	07	winter	355000	2743
Procavir	2006-03-07	529	1104	66	2006.18	BL060307	41�40�N.2�48�E	10:30-11:30	11.48	13	12.5	36.34288	1.46	0.183308409	0.18	0.51	0.06	2.02	1.77	3	5342	5157	86	93	3561	875	850	24	237000	484000	601	4627	62	2006	03	07	winter	720000	1919
Procavir	2006-03-15	537	1112	74	2006.2	BL060315	41�40�N.2�48�E	10:30-11:30	11.86	12	14	37.030448	1.41	0.31	0.19	0.81	0.17	3.24	3.33	NA	NA	NA	NA	NA	NA	NA	NA	NA	208000	436000	266	9253	61	2006	03	15	winter	644000	3576
Procavir	2006-04-04	557	1132	94	2006.26	BL060404	41�40�N.2�48�E	10:30-11:30	12.79	13.5	16	37.128672	0.98	0.161601804	0.16	1.45	0.05	3.23	0.87	6.14	2757	2201	527	27	1602	1021	907	114	144000	721000	68	1239	5	2006	04	04	spring	865000	672
Procavir	2006-05-16	599	1174	136	2006.37	BL060516	41�40�N.2�48�E	10:30-11:30	14.53	18.4	10	37.128672	2.45	0.272037018	0.1	1.05	0.14	0.54	0.13	19.54	8295	8078	0	200	4842	4192	3998	194	510000	985000	96	6894	58	2006	05	16	spring	1490000	24228
Procavir	2006-06-13	627	1202	164	2006.45	BL060613	41�40�N.2�48�E	10:30-11:30	15.16	22.38	12	35.6454896	0.43	0.147771036	0.14	1.75	0.31	0.51	0.38	5.46	2400	2198	36	153	356	766	701	66	251000	482000	19	971	4	2006	06	13	spring	734000	23469
Procavir	2006-07-05	649	1224	186	2006.51	BL060705	41�40�N.2�48�E	10:30-11:30	15.12	23.74	15	37.7474832	0.21	0.162027042	0.02	1.37	0.05	0.6	0.05	1.22	2171	2107	52	12	84	2308	2213	95	433000	357000	26	1197	4	2006	07	05	summer	790000	38200
Procavir	2006-08-01	676	1251	213	2006.58	BL060801	41�40�N.2�48�E	10:30-11:30	14.44	25.6	18	37.9733984	0.39	0.290948503	0.15	1.12	0.01	0.35	0.5	44.71	2952	2073	94	726	349	1389	1354	36	662000	659000	65	776	48	2006	08	01	summer	1320000	90983
Procavir	2006-09-12	718	1293	255	2006.7	BL060912	41�40�N.2�48�E	10:30-11:30	12.69	24.58	NA	37.668904	0.24	0.163729094	0.07	0.4	0.3	0.15	0.04	5.22	1462	1339	31	86	256	979	965	15	328000	492000	200	856	0	2006	09	12	summer	820000	42986
Procavir	2006-10-09	745	1320	282	2006.77	BL061009	41�40�N.2�48�E	10:30-11:30	11.44	20.3	15	37.7081936	0.26	0.2005373	0.15	0.86	0.01	0.25	0.2	1.93	1740	1704	0	34	339	880	828	52	465000	463000	17108	491	6	2006	10	09	autumn	928000	37146
Procavir	2006-10-24	760	1335	297	2006.81	BL061024	41�40�N.2�48�E	10:30-11:30	10.77	19.6	8	36.932224	0.43	0.12	0.02	1.42	0.09	0.35	0.58	NA	NA	NA	NA	NA	NA	NA	NA	NA	345000	485000	7578	1413	429	2006	10	24	autumn	830000	19624
Procavir	2006-11-07	774	1349	311	2006.85	BL061107	41�40�N.2�48�E	10:30-11:30	10.18	18.3	18	38.14	0.52	0.331483925	0.18	1.75	0.16	0.42	0.85	NA	12141	11978	17	136	10468	858	835	23	296000	273000	6964	7408	496	2006	11	07	autumn	569000	12668
Procavir	2006-11-28	795	1370	332	2006.91	NA	41�40�N.2�48�E	10:30-11:30	9.48	NA	NA	NA	NA	NA	0.18	1.91	0.19	0.53	0.44	NA	NA	NA	NA	NA	NA	NA	NA	NA	222000	284000	11800	1706	389	2006	11	28	autumn	505000	15911
Procavir	2006-12-11	808	1383	345	2006.95	BL061211	41�40�N.2�48�E	10:30-11:30	9.22	16.5	17	39.09	0.66	0.272422729	0.07	1.47	0.07	0.41	0.26	0.48	3309	3102	165	39	1742	818	758	61	389000	509000	6357	1660	445	2006	12	11	autumn	898000	10880
Modivus	2007-01-16	844	1419	16	2007.04	BL070116	41�40�N.2�48�E	10:30-11:30	9.49	15.6	19.5	38.2	0.56	0.214749944	0.12	1.39	0.28	0.53	0.48	0.83	4843	4563	69	194	3561	320	295	26	255000	182000	9605	3788	430	2007	01	16	winter	437000	6201
Modivus	2007-01-16	844	1419	16	2007.04	BL070116	41�40�N.2�48�E	10:30-11:30	9.49	NA	NA	NA	NA	NA	0.07	1.04	0.13	1.26	0.51	NA	NA	NA	NA	NA	NA	NA	NA	NA	209000	160000	6050	3616	241	2007	01	16	winter	369000	3950
Modivus	2007-02-20	879	1454	51	2007.14	BL070220	41�40�N.2�48�E	10:30-11:30	10.8	13.43	18	38.23	0.47	0.253338968	0.17	1.75	0.36	1.47	1.2	3.76	7764	7571	53	130	6231	393	367	26	246000	240000	4071	5401	291	2007	02	20	winter	486000	4808
Modivus	2007-02-21	880	1455	52	2007.14	BL070221	41�40�N.2�48�E	10:30-11:30	10.84	13.44	NA	38.29	NA	NA	NA	NA	NA	NA	NA	NA	NA	NA	NA	NA	NA	NA	NA	NA	NA	NA	NA	NA	NA	2007	02	21	winter	NA	NA
Modivus	2007-02-22	881	1456	53	2007.15	BL070222	41�40�N.2�48�E	10:30-11:30	10.89	13.47	NA	38.28	NA	NA	NA	NA	NA	NA	NA	NA	NA	NA	NA	NA	NA	NA	NA	NA	NA	NA	NA	NA	NA	2007	02	22	winter	NA	NA
Modivus	2007-02-23	882	1457	54	2007.15	BL070223	41�40�N.2�48�E	10:30-11:30	10.93	13.375	NA	38.29	NA	NA	NA	NA	NA	NA	NA	NA	NA	NA	NA	NA	NA	NA	NA	NA	NA	NA	NA	NA	NA	2007	02	23	winter	NA	NA
Modivus	2007-02-26	885	1460	57	2007.16	BL070226	41�40�N.2�48�E	10:30-11:30	11.07	13.37	17	38.29	0.89	0.38	0.16	1.79	0.18	1.24	1	NA	12153	11811	142	185	8782	313	299	14	310000	285000	12654	11593	1381	2007	02	26	winter	595000	15035
Modivus	2007-02-27	886	1461	58	2007.16	BL070227	41�40�N.2�48�E	10:30-11:30	11.11	13.37	NA	38.3	NA	NA	NA	NA	NA	NA	NA	NA	NA	NA	NA	NA	NA	NA	NA	NA	NA	NA	NA	NA	NA	2007	02	27	winter	NA	NA
Modivus	2007-02-28	887	1462	59	2007.16	BL070228	41�40�N.2�48�E	10:30-11:30	11.16	13.34	NA	38.32	NA	NA	NA	NA	NA	NA	NA	NA	NA	NA	NA	NA	NA	NA	NA	NA	NA	NA	NA	NA	NA	2007	02	28	winter	NA	NA
Modivus	2007-03-01	888	1463	60	2007.16	BL070301	41�40�N.2�48�E	10:30-11:30	11.21	13.36	NA	38.3	NA	NA	NA	NA	NA	NA	NA	NA	NA	NA	NA	NA	NA	NA	NA	NA	NA	NA	NA	NA	NA	2007	03	01	winter	NA	NA
Modivus	2007-03-20	907	1482	79	2007.22	BL070320	41�40�N.2�48�E	10:30-11:30	12.09	13.49	17	38.24	0.95	0.290911509	0.23	1.62	0.16	0.78	0.17	7.46	5729	5520	140	64	4332	657	653	4	231000	587000	648	4927	520	2007	03	20	winter	819000	3422
Modivus	2007-04-24	942	1517	114	2007.31	BL070424	41�40�N.2�48�E	10:30-11:30	13.69	16.03	NA	37.82	0.48	0.200702183	0.1	1.14	0.1	0.96	0.14	2.57	2896	2300	177	389	512	578	560	18	186000	339000	3470	1390	949	2007	04	24	spring	524000	17488
Modivus	2007-05-15	963	1538	135	2007.37	BL070515	41�40�N.2�48�E	10:30-11:30	14.5	17.46	23	37.24	0.24	0.105366787	0.15	1.23	0.3	0.3	0.16	1.18	1586	1569	0	15	47	815	798	17	359000	281000	3442	1302	795	2007	05	15	spring	640000	11727
Modivus	2007-06-05	984	1559	156	2007.43	BL070605	41�40�N.2�48�E	10:30-11:30	15.05	18.8	19	37.84	0.22	0.124279961	0.02	3.01	0.87	0.37	0.05	0.53	2373	2073	257	40	495	1436	1409	28	440000	349000	5403	2100	795	2007	06	05	spring	789000	31974
Modivus	2007-07-03	1012	1587	184	2007.5	BL070703	41�40�N.2�48�E	10:30-11:30	15.14	21.94	17	37.71	0.1	0.067599511	0.1	1.79	0.41	0.58	0.15	0.8	2020	2020	0	0	311	2568	2533	37	447000	517000	4753	2357	487	2007	07	03	summer	965000	133022
Modivus	2007-08-01	1041	1616	213	2007.58	BL070801	41�40�N.2�48�E	10:30-11:30	14.44	24.4	15	37.95	0.15	0.130468156	0.1	2.47	0.29	0.88	0.43	NA	1090	1005	43	40	139	1598	1558	41	399000	488000	4473	1031	315	2007	08	01	summer	887000	82046
Modivus	2007-09-12	1083	1658	255	2007.7	BL070912	41�40�N.2�48�E	10:30-11:30	12.69	26.22	18	38	0.15	0.085511042	0.05	0.8	0.09	0.75	0.36	2.15	1741	1700	20	18	150	1683	1651	32	255000	380000	15938	1285	522	2007	09	12	summer	635000	38148
Modivus	2007-09-20	1091	1666	263	2007.72	BL070920	41�40�N.2�48�E	8:45	12.32	23.03	16	37.89	0.12	0.07	0.09	0.77	0.03	0.31	0.06	NA	NA	NA	NA	NA	NA	NA	NA	NA	283000	329000	13099	1535	420	2007	09	20	summer	612000	45492
Modivus	2007-09-25	1096	1671	268	2007.73	BL070925	41�40�N.2�48�E	10:30-11:30	12.09	23	19	NA	0.26	0.15	0.11	2.31	0.06	0.35	0.22	NA	NA	NA	NA	NA	NA	NA	NA	NA	241000	394000	17160	1235	806	2007	09	25	summer	635000	45213
Modivus	2007-10-03	NA	1679	276	NA	NA	NA	NA	11.72	NA	NA	NA	NA	NA	NA	NA	NA	NA	NA	NA	NA	NA	NA	NA	NA	NA	NA	NA	112000	203000	4237	1548	294	2007	10	03	autumn	315000	12019
Modivus	2007-10-16	1117	1692	289	2007.79	BL071016	41�40�N.2�48�E	10:30-11:30	11.12	21	19	37.87	0.24	0.158731617	0.07	1.73	0.02	0.32	0.08	0.44	3526	3462	0	59	950	874	820	54	290000	411000	24791	1846	573	2007	10	16	autumn	701000	38336
Modivus	2007-11-13	1145	1720	317	2007.87	BL071113	41�40�N.2�48�E	10:30-11:30	9.96	16.13	11	38.2	0.67	0.315742791	0.09	1.81	0.19	0.38	0.59	2.09	4525	4254	190	75	2583	836	782	54	293000	376000	18610	3853	789	2007	11	13	autumn	668000	23143
NA	2007-11-27	NA	1734	331	2007.91	BL071127	NA	NA	9.51	NA	NA	NA	NA	NA	0.07	0.69	0.21	0.74	0.86	NA	NA	NA	NA	NA	NA	NA	NA	NA	NA	NA	24820	2337	1143	2007	11	27	autumn	NA	19952
Modivus	2007-12-11	1173	1748	345	2007.95	BL071211	41�40�N.2�48�E	10:30-11:30	9.22	14	17	38.26	0.72	0.415474404	0.09	1.63	0.19	1.03	0.98	0.62	6966	6430	24	473	4059	618	603	15	295000	360000	29670	4728	1690	2007	12	11	autumn	655000	21861
Gemma	2008-01-15	1208	1783	15	2008.04	BL080115	41�40�N.2�48�E	10:30-11:30	9.47	13.12	11	38.34	0.56	0.37	0.11	3.24	0.75	2.66	1.96	0.33	10990	10700	125	153	8546	477	443	36	456000	366000	13832	7876	1310	2008	01	15	winter	822000	12321
Gemma	2008-02-12	1236	1811	43	2008.12	BL080212	41�40�N.2�48�E	10:30-11:30	10.45	12.9	NA	38.33	1.07	0.89	0.07	3.35	0.5	2.48	1.78	0.64	22073	21539	179	329	14331	1369	1281	87	215000	269000	2454	17025	2517	2008	02	12	winter	483000	5456
Gemma	2008-03-11	1264	1839	71	2008.19	BL080312	41�40�N.2�48�E	10:30-11:30	11.72	13.5	10	38.28	1.91	0.55	0.07	2.13	0.41	1.33	0.98	2.99	6675	5910	603	150	3432	765	694	71	311000	453000	771	4267	929	2008	03	11	winter	764000	8400
Gemma	2008-04-08	1292	1867	99	2008.27	BL080408	41�40�N.2�48�E	10:30-11:30	13.02	13.2	16	38.26	0.46	0.22	0.05	6.28	0.49	1.63	1	0.92	13128	12962	76	84	11465	494	425	68	367000	518000	245	11009	404	2008	04	08	spring	885000	9001
Gemma	2008-05-07	1321	1896	128	2008.35	BL080507	41�40�N.2�48�E	10:30-11:30	14.25	16.7	NA	38.18	0.72	0.37	0.06	1.02	0.17	0.61	0.38	4.21	3824	3407	139	257	1116	698	611	87	128000	443000	786	3314	1287	2008	05	07	spring	570000	15168
Gemma	2008-05-15	1329	1904	136	2008.37	BL080507	41�40�N.2�48�E	10:30-11:30	14.53	16.06	14	38.06	0.44	0.27	0.08	6.18	0.43	0.77	0.99	1.51	2802	2562	72	156	814	792	723	68	172000	239000	335	2087	824	2008	05	15	spring	412000	10720
Gemma	2008-05-15	1329	1904	136	2008.37	NA	Bocaa Tordera	12:00	14.53	NA	NA	NA	1.17	NA	6.92	2.95	1.36	92.87	244.5	NA	NA	NA	NA	NA	NA	NA	NA	NA	NA	NA	NA	NA	NA	2008	05	15	spring	NA	NA
Gemma	2008-05-21	1335	1910	142	2008.39	BL080521	41�40�N.2�48�E	10:30-11:30	14.72	16.11	19	37.62	0.24	0.07	0.03	17.39	0.99	1.26	0.4	1.38	NA	NA	NA	NA	NA	NA	NA	NA	499000	685000	437	1020	249	2008	05	21	spring	1180000	18230
Gemma	2008-06-02	1347	1922	154	2008.42	BL080602	41�40�N.2�48�E	10:30-11:30	15.02	17.6	10	37.11	0.86	0.35	0.02	0.7	0.14	1.38	0.34	2.62	4335	4091	163	75	426	1403	1314	89	263000	364000	0	1903	1339	2008	06	02	spring	627000	16375
Gemma	2008-07-02	1377	1952	184	2008.5	BL080702	41�40�N.2�48�E	10:30-11:30	15.14	21.26	15	37.64	0.18	0.11	0.04	1.04	0.15	0.48	0.58	2.59	1845	1767	78	0	218	1346	1260	87	258000	401000	0	1445	559	2008	07	02	summer	659000	32969
MODIVUS	2008-07-09	1384	1959	191	2008.52	BL080709	41�40�N.2�48�E	7:20-8:30	15.04	23	14.5	37.76	0.2	0.15	0.03	0.73	0.11	0.38	0.47	3.14	NA	NA	NA	NA	NA	NA	NA	NA	366000	488000	0	1597	1078	2008	07	09	summer	854000	22911
Gemma	2008-08-05	1411	1986	218	2008.6	BL080805	41�40�N.2�48�E	10:30-11:30	14.26	24.3	24	37.96	0.18	0.09	0.04	2.58	0.27	0.51	0.55	5	1111	1051	20	37	184	858	835	22	456000	605000	2715	619	260	2008	08	05	summer	1060000	38066
Gemma	2008-09-02	1439	2014	246	2008.67	BL080902	41�40�N.2�48�E	10:30-11:30	13.09	24.2	15	38.13	0.22	0.15	0.06	0.25	0.01	0.53	0.82	4.98	2398	2224	25	139	370	872	820	51	277000	457000	6150	1750	342	2008	09	02	summer	735000	29924
Gemma	2008-09-17	1454	2029	261	2008.71	BL080917	41�40�N.2�48�E	10:30-11:30	12.41	22.15	16	38.21	0.27	0.2	0.04	4.03	0.15	0.62	0.76	2.43	2140	1971	48	111	401	1480	1419	61	391000	442000	39448	1783	385	2008	09	17	summer	834000	62672
MODIVUS	2008-09-30	1467	2042	274	2008.75	BL080930	41�40�N.2�48�E	7:20-8:30	11.81	20.23	19	38.23	0.23	0.14	0.03	2.26	0.1	0.59	0.76	1.92	2132	2109	23	0	451	852	803	49	328000	394000	29706	2418	287	2008	09	30	summer	721000	46901
Gemma	2008-10-14	1481	2056	288	2008.79	BL081014	41�40�N.2�48�E	10:30-11:30	11.17	21.1	8	38.16	0.27	0.19	0.06	6.51	0.19	0.78	1.06	1.72	2144	2023	20	93	352	1037	972	65	402000	397000	11579	767	228	2008	10	14	autumn	799000	36810
Gemma	2008-11-13	1511	2086	318	2008.87	BL081113	41�40�N.2�48�E	10:30-11:30	9.92	16.11	13.5	38.22	0.32	0.18	0.06	2.41	0.38	1.2	1.49	0.29	2860	2751	54	50	1958	356	325	32	365000	183000	9600	2514	269	2008	11	13	autumn	547000	10111
Gemma	2008-12-02	1530	2105	337	2008.92	BL081202	41�40�N.2�48�E	10:30-11:30	9.36	14.84	NA	38.11	0.33	NA	0.1	2.95	0.29	1.52	1.16	0.07	1592	1542	0	46	507	564	513	51	439000	260000	13751	1219	347	2008	12	02	autumn	700000	12795
MODIVUS	2008-12-11	1539	2114	346	2008.95	BL081211	41�40�N.2�48�E	7:20-8:30	9.21	14.07	14	38.11	0.33	NA	0.05	2.08	0.32	1.27	1.17	0.13	7733	7524	23	171	5269	732	705	27	432000	494000	14352	5035	567	2008	12	11	autumn	926000	13502
Proba	2009-01-13	1572	2147	13	2009.04	BL090113	41�40�N.2�48�E	10:30-11:30	9.42	12.72	14	38.08	0.43	NA	0.086	0.411	0.186	1.501	2.499	0.27	8725	8569	52	96	6824	449	437	12	429000	308000	6104	6634	288	2009	01	13	winter	736000	5682
Proba	2009-01-27	1586	2161	27	2009.07	BL090127	41�40�N.2�48�E	10:30-11:30	9.83	12.25	14	38.06	0.61	NA	0.084	0.459	0.174	1.314	2.763	NA	NA	NA	NA	NA	NA	NA	NA	NA	NA	NA	NA	NA	NA	2009	01	27	winter	NA	NA
Proba	2009-02-10	1600	2175	41	2009.11	BL090210	41�40�N.2�48�E	10:30-11:30	10.37	12.16	12	38.06	0.83	NA	NA	NA	NA	NA	NA	1.86	7435	7314	69	48	5519	659	628	31	234000	543000	859	6296	443	2009	02	10	winter	777000	3838
Proba	2009-03-17	1635	2210	76	2009.21	BL090317	41�40�N.2�48�E	10:30	11.95	13	15	38.18	NA	NA	0.049	0.327	0.033	0.287	2.066	0.4	10290	9635	66	547	6409	533	493	41	347000	428000	8681	7424	1369	2009	03	17	winter	775000	49535
Proba	2009-04-21	1670	2245	111	2009.3	BL090421	41�40�N.2�48�E	10:30	13.56	14.58	15.5	38.15	1.16	0.08	0.044	0.363	0.031	0.093	0.532	1.85	3602	3282	262	54	2849	244	220	24	625000	489000	0	2484	144	2009	04	21	spring	1110000	5281
Proba	2009-05-12	1691	2266	132	2009.36	BL090512	41�40�N.2�48�E	6:50	14.4	17.55	12	37.76	0.54	0.27	0.048	0.406	0.024	0.098	0.735	1.26	2619	2364	238	17	1103	887	847	41	257000	434000	0	2843	1114	2009	05	12	spring	691000	6473
Proba	2009-05-26	1705	2280	146	2009.4	BL090626	41�40�N.2�48�E	6:50	14.83	18.5	11	37.6	0.58	0.27	0.054	0.233	0.015	0.078	0.549	1.39	5941	5658	170	105	2383	1499	1419	81	229000	710000	0	3155	898	2009	05	26	spring	939000	9379
Proba	2009-06-09	1719	2294	160	2009.44	BL090609	41�40�N.2�48�E	7:30	15.12	18.97	13	37.98	0.3	0.13	0.069	0.478	0.022	0.113	1.464	1.13	4801	4669	114	17	3205	1418	1379	39	430000	711000	3251	4737	1209	2009	06	09	spring	1140000	28994
Proba	2009-06-30	1740	2315	181	2009.5	BL090630	41�40�N.2�48�E	6.15	15.17	20.46	17	38.17	0.12	0.06	0.032	0.472	0.007	0.013	0.965	1.14	1099	972	127	0	313	932	880	52	384000	454000	5148	1325	252	2009	06	30	spring	837000	20345
Proba	2009-07-07	1747	2322	188	2009.52	BL090707	41�40�N.2�48�E	7:15	15.09	24.01	18	38.1	0.18	0.09	0.038	0.385	0.001	0.086	0.556	NA	NA	NA	NA	NA	NA	NA	NA	NA	345000	420000	1610	1486	463	2009	07	07	summer	765000	18761
Proba	2009-07-21	1761	2336	202	2009.55	BL090721	41�40�N.2�48�E	7:30	14.78	23.38	13	38.13	0.13	0.03	0.045	0.449	0.011	0.63	0.97	0.69	1666	1349	119	184	275	1361	1322	38	396000	556000	4918	1164	131	2009	07	21	summer	953000	54905
Proba	2009-08-04	1775	2350	216	2009.59	BL090804	41�40�N.2�48�E	10:30	14.33	24.3	20	38.17	0.34	0.18	0.029	0.099	0.028	0.346	1.042	2.02	2363	2321	42	0	329	2210	2129	83	353000	324000	5641	1033	415	2009	08	04	summer	677000	30294
Proba	2009-09-15	1817	2392	258	2009.71	BL090915	41�40�N.2�48�E	10:30	12.55	23.51	18	38.14	0.34	0.24	0.096	0.166	0.01	0.349	1.206	1.25	1708	1467	20	56	131	1190	1190	0	329000	376000	5442	632	344	2009	09	15	summer	705000	24977
NA	2009-10-04	1836	2411	277	2009.76	BL091004	41�40�N.2�48�E	NA	11.67	NA	NA	NA	NA	NA	NA	NA	NA	NA	NA	NA	NA	NA	NA	NA	NA	NA	NA	NA	NA	NA	NA	NA	NA	2009	10	04	autumn	NA	NA
Proba	2009-10-06	1838	2413	279	2009.76	BL091006	41�40�N.2�48�E	10:30	11.58	20.32	16	38.07	0.74	0.35	0.102	0.156	0.034	0.512	1.23	1.04	4666	4418	50	69	2389	1313	1313	0	563000	575000	19796	2270	761	2009	10	06	autumn	1140000	39559
Proba	2009-11-05	1868	2443	309	2009.85	BL091105	41�40�N.2�48�E	10:30	10.26	17.29	20	38.16	0.76	0.49	0.117	0.101	0.045	0.264	1.354	0.5	5758	5593	0	75	3464	752	752	0	416000	510000	34516	3185	478	2009	11	05	autumn	926000	26455
Proba	2009-12-22	1915	2490	356	2009.98	BL091222	41�40�N.2�48�E	10:30	9.15	13.81	8	37.98	1.13	0.37	0.104	0.083	0.172	1.162	1.621	0.46	2732	2482	134	107	1407	599	599	0	386000	307000	10844	1032	282	2009	12	22	autumn	693000	7668
Storm	2010-01-20	1944	2519	20	2010.05	BL100120	41�40�N.2�48�E	10:30	9.61	12.92	16	37.93	1	0.73	0.108	0.067	0.231	2.794	1.902	0.04	11280	11261	18	92	9942	409	409	0	335000	362000	8744	6353	410	2010	01	20	winter	697000	5336
Biomarks	2010-02-09	1964	2539	40	2010.11	BL100209	41�40�N.2�48�E	9:20	10.33	12.48	5	37.56	1.29	0.66	0.471	0.095	0.16	2.529	1.695	0.16	9649	9635	14	279	8338	513	513	0	198000	219000	7656	6742	332	2010	02	09	winter	417000	5890
Storm/summer	2010-02-17	1972	2547	48	2010.13	BL100217	41�40�N.2�48�E	9:20	10.67	12.32	10	37.92	0.96	0.58	0.107	0.453	0.239	0	2.493	NA	8476	8476	0	55	5709	406	391	15	203000	209000	4472	4519	500	2010	02	17	winter	412000	3945
Storm/summer	2010-03-18	2001	2576	77	2010.21	BL100318	41�40�N.2�48�E	7:00	12	11.94	NA	37.68	1.25	0.42	0.151	0.105	0.36	4.255	2.369	0.37	10858	10315	542	122	7953	1366	1366	0	453000	514000	3156	5606	545	2010	03	18	winter	966000	4786
Storm/summer	2010-03-22	2005	2580	81	2010.22	BL100322	41�40�N.2�48�E	10:30	12.19	12.39	9	37.61	1.95	0.82	0.131	0.145	0.107	1.496	1.565	0.51	22283	22202	81	810	13937	1494	1462	32	327000	363000	1305	11007	2146	2010	03	22	winter	690000	13150
Storm/summer	2010-04-14	2028	2603	104	2010.28	BL100414	41�40�N.2�48�E	10:30	13.25	13.65	15	37.81	0.49	0.29	0.112	0.144	0.084	1.057	1.82	0.89	4307	4307	0	495	3656	1392	1330	63	407000	503000	1472	3606	68	2010	04	14	spring	910000	57291
Storm/summer	2010-05-12	2056	2631	132	2010.36	BL100512	41�40�N.2�48�E	10:30	14.4	15.73	10	37.59	0.44	0.29	0.095	0.044	0.064	0.491	1.604	0.27	2170	2170	0	302	679	1112	1112	0	483000	428000	544	1663	244	2010	05	12	spring	912000	39027
Storm/summer	2010-05-25	2069	2644	145	2010.4	BL100525	41�40�N.2�48�E	10:30	14.81	15.19	8	37.63	0.93	0.37	0.091	1.151	0.14	0.43	1.561	0.81	3220	3127	93	93	518	962	944	19	549000	467000	1075	1017	876	2010	05	25	spring	1020000	45876
Storm/summer	2010-05-26	2070	2645	146	2010.4	BL100526	STN C	10:00	14.83	16	NA	NA	0.96	0.29	0.132	0.169	0.068	0.455	1.905	0.28	NA	NA	NA	NA	NA	NA	NA	NA	524000	474000	1326	1247	591	2010	05	26	spring	998000	40833
Storm/summer	2010-06-22	2097	2672	173	2010.47	BL100622	41�40�N.2�48�E	10:00	15.2	19.24	15	37.49	0.56	0.27	0.106	0.268	0.062	0.508	0.812	1.02	2420	2381	40	10	456	1240	1240	0	521000	538000	294	1282	582	2010	06	22	spring	1060000	15627
Storm/summer	2010-07-06	2111	2686	187	2010.51	BL100706	41�40�N.2�48�E	10:00	15.1	23.05	10	37.74	0.43	0.18	0.123	0.056	0.005	0.082	0.304	0.75	2752	2656	96	96	250	1497	1451	46	186000	325000	643	837	667	2010	07	06	summer	511000	10022
Storm/summer	2010-07-27	2132	2707	208	2010.57	BL100727	41�40�N.2�48�E	10:00	14.6	23	NA	37.76	0.25	0.12	0.078	0.055	0.029	0.501	0.769	NA	2807	2785	23	23	1064	1308	1271	37	419000	486000	927	1264	366	2010	07	27	summer	905000	23706
Storm/summer	2010-07-29	2134	2709	210	2010.58	BL100729	41�40�N.2�48�E	10:00	14.54	22.68	NA	37.89	0.24	0.15	0.153	1.095	0.005	0.692	1.049	NA	3240	3181	59	0	1728	1240	1219	21	352000	380000	929	2246	223	2010	07	29	summer	732000	21552
Storm/summer	2010-08-03	2139	2714	215	2010.59	BL100803	41�40�N.2�48�E	10:00	14.37	24.11	15	37.75	0.44	0.21	0.151	0.122	0.065	0.209	0.779	4.34	1323	1323	0	17	223	1194	1140	53	334000	430000	680	738	592	2010	08	03	summer	764000	30670
Storm/summer	2010-09-14	2181	2756	257	2010.7	BL100914	41�40�N.2�48�E	10:00	12.59	24.43	22	38.03	0.31	0.1	0.118	0.201	0.025	0.127	0.617	NA	1533	1455	78	16	641	832	832	0	267000	344000	1249	882	178	2010	09	14	summer	611000	16403
Storm/summer	2010-10-19	2216	2791	292	2010.8	BL101019	41�40�N.2�48�E	10:00	10.99	17.61	11	37.86	0.78	0.38	0.139	0.225	0.055	0.574	1.331	0.74	6823	6738	84	118	5388	1331	1313	18	512000	572000	7684	4031	439	2010	10	19	autumn	1080000	16161
Storm/summer	2010-11-16	2244	2819	320	2010.88	BL101116	41�40�N.2�48�E	10:00	9.85	15.76	8	38.17	0.53	0.35	0.076	0.144	0.15	0.421	0.874	0.88	8755	8723	32	64	8082	493	462	31	249000	234000	16576	5874	308	2010	11	16	autumn	483000	16325
Storm/summer	2010-12-14	2272	2847	348	2010.95	BL101214	41�40�N.2�48�E	10:00	9.19	14.45	18	38.17	0.51	0.36	0.184	0.116	0.251	1.459	1.518	0.3	10811	10797	14	43	9365	379	379	0	394000	375000	11256	5693	309	2010	12	14	autumn	768000	11789
Storm	2011-01-12	2301	2876	12	2011.03	BL110112	41�40�N.2�48�E	10:00	9.39	12.89	12.5	38	0.81	0.52	0.112	0.616	0.275	1.539	2.141	3.26	15754	15723	30	121	14496	724	693	31	181000	134000	6631	7729	465	2011	01	12	winter	315000	6168
Storm	2011-02-08	2328	2903	39	2011.11	BL110208	41�40�N.2�48�E	10:00	10.29	12.36	13.5	37.82	0.96	0.54	0.107	0.559	0.238	1.412	2.031	3.16	19225	19202	22	201	15779	736	736	0	372000	258000	3659	12536	1369	2011	02	08	winter	630000	5230
Storm	2011-03-14	2362	2937	73	2011.2	BL110314	41�40�N.2�48�E	10:00	11.81	12.25	8.5	37.82	1.05	0.54	0.11	0.408	0.283	1.232	2.458	1.28	15509	15427	82	594	13994	719	719	0	NA	NA	NA	NA	NA	2011	03	14	winter	1227656	31887
Storm	2011-04-12	2391	2966	102	2011.28	BL110412	41�40�N.2�48�E	10:00	13.16	NA	16	NA	0.45	0.26	0.108	0.687	0.077	0.469	1.009	0.37	3460	3438	22	86	562	1240	1197	43	NA	NA	NA	NA	NA	2011	04	12	spring	563413	30326
Storm	2011-05-17	2426	3001	137	2011.38	BL110517	41�40�N.2�48�E	10:00	14.57	17.6	18	NA	0.49	0.14	0.096	0.037	0.016	0.442	0.686	0.5	2074	2010	64	86	428	1155	1155	0	436000	439000	1170	3732	352	2011	05	17	spring	875000	19447
Storm	2011-06-15	2455	3030	166	2011.45	BL110615	41�40�N.2�48�E	10:00	15.18	21	13.5	37.7	0.54	0.18	0.182	0.629	0.102	1.007	1.854	2.96	3070	2739	331	47	567	1967	1967	0	NA	NA	1337	2126	272	2011	06	15	spring	952492	11199
Storm	2011-07-05	2475	3050	186	2011.51	BL110705	41�40�N.2�48�E	10:00	15.12	22.4	16	37.83	0.2	0.1	0.076	0.029	0.01	0.423	0.404	1.93	1453	1434	19	21	208	1634	1634	0	508000	565000	3872	1360	252	2011	07	05	summer	1070000	14259
Storm	2011-08-02	2503	3078	214	2011.59	BL110802	41�40�N.2�48�E	10:00	14.4	22.88	15	37.82	0.6	0.38	0.105	0.687	0.038	0.8	1.806	2.36	7954	7204	41	709	5644	534	534	0	NA	NA	NA	NA	NA	2011	08	02	summer	966731	27965
Storm	2011-09-13	2545	3120	256	2011.7	BL110913	41�40�N.2�48�E	10:00	12.64	23	19	NA	0.32	0.19	0.092	0.095	0.004	0.493	0.9	3.51	5554	5428	16	110	4276	1214	1196	19	370000	452000	16651	1743	58	2011	09	13	summer	822000	31135
Storm	2011-10-10	2572	3147	283	2011.78	BL111010	41�40�N.2�48�E	10:00	11.4	20.64	14	38.09	0.37	0.2	0.083	0.026	0.006	0.511	1.02	0.29	2029	1959	35	35	402	1944	1924	19	618000	468000	12362	820	718	2011	10	10	autumn	1090000	25531
Storm	2011-11-29	2622	3197	333	2011.91	BL111129	41�40�N.2�48�E	10:00	9.46	16.76	8.5	37.21	2.88	0.36	0.101	0.052	0.06	0.546	0.303	6.21	4586	3867	292	428	2584	1623	1623	0	475000	855000	8968	3276	579	2011	11	29	autumn	1330000	12975
Storm	2011-12-19	2642	3217	353	2011.97	BL111219	41�40�N.2�48�E	10:00	9.15	15.46	14	38.05	0.89	0.28	0.074	0.027	0.106	0.54	0.845	0.33	7881	7787	63	32	6619	576	561	15	393000	444000	6107	2147	658	2011	12	19	autumn	836000	4338
Storm	2012-01-10	2664	3239	10	2012.03	BL120110	41�40�N.2�48�E	10:00	9.35	14.39	14	38.09	0.69	0.36	0.078	1.389	0.263	0.188	1.218	0.29	7681	7505	53	124	5986	560	560	0	294000	297000	9095	2683	69	2012	01	10	winter	591000	9742
Storm	2012-02-14	2699	3274	45	2012.12	BL120214	41�40�N.2�48�E	10:00	10.54	12.24	15	38.24	0.69	0.35	0.13	0.39	0.222	2.177	2.492	0.6	7139	7043	19	77	5580	456	456	0	265000	172000	4651	4692	316	2012	02	14	winter	437000	4940
Storm	2012-03-13	2727	3302	73	2012.2	BL120313	41�40�N.2�48�E	10:00	11.81	13.18	18.5	38.28	0.67	0.36	0.103	0.666	0.259	2.384	2.451	0.13	14523	14377	73	73	12764	792	792	0	222000	271000	2422	7334	949	2012	03	13	winter	492000	4087
Storm	2012-04-11	2756	3331	102	2012.28	BL120411	41�40�N.2�48�E	10:00	13.16	13.82	16	38.22	1.21	0.85	0.035	0.574	0.092	0.166	1.724	0.59	14379	13684	0	695	10263	2117	2078	38	751000	573000	5160	8875	1802	2012	04	11	spring	1320000	71080
Storm	2012-05-11	2786	3361	132	2012.36	BL120511	41�40�N.2�48�E	10:00	14.63	16.8	16	38.24	0.36	0.04	0.036	0.913	0.085	0.114	0.502	0.94	2040	1982	0	58	885	805	766	39	379000	316000	1555	619	647	2012	05	11	spring	695000	3550
Storm	2012-06-20	2826	3401	172	2012.47	BL120620	41�40�N.2�48�E	10:00	15.2	20.06	16	38.23	0.76	0.21	0.042	0.909	0.042	0.009	0.513	1.47	3751	3678	49	24	585	2718	2622	96	513000	486000	1101	1018	399	2012	06	20	spring	998000	23556
Storm	2012-07-03	2839	3414	185	2012.51	BL120703	41�40�N.2�48�E	10:00	15.13	22.01	16	38.07	0.26	0.12	0.053	0.531	0.061	0.064	0.508	2.25	2222	2117	0	105	332	1751	1751	0	446000	392000	1802	784	688	2012	07	03	summer	838000	25620
Storm	2012-08-07	2874	3449	220	2012.6	BL120807	41�40�N.2�48�E	10:00	14.18	25.35	20	38.14	0.19	0.07	0.087	1.579	0.04	0.258	0.796	1.23	1360	1311	17	33	149	989	953	35	493000	281000	963	482	303	2012	08	07	summer	774000	36627
Storm	2012-09-13	2911	3486	257	2012.7	BL120913	41�40�N.2�48�E	10:00	12.59	22.46	19	38.16	0.16	0.08	0.027	0.611	0.016	0.069	1.052	13.56	1254	1220	0	34	155	881	881	0	221000	381000	7884	358	399	2012	09	13	summer	602000	21272
Storm + Pis	2012-10-09	2937	3512	283	2012.77	BL121009	41�40�N.2�48�E	10:00	11.4	18.31	18	37.91	0.34	0.16	0.026	0.832	0.036	0.038	0.932	5.18	3229	3165	0	64	1433	859	859	0	394000	461000	20900	1624	592	2012	10	09	autumn	855000	32775
Storm + Pis	2012-11-06	2965	3540	311	2012.85	BL121106	41�40�N.2�48�E	10:00	10.18328661	16.66	8	38.04	0.46	0.26	0.221	1.702	0.122	3.523	2.036	1.91	7397	7263	0	134	5003	1020	1020	0	405000	535000	15782	3165	867	2012	11	06	autumn	940000	23996
Storm + Pis	2012-12-11	3000	3575	346	2012.95	BL121211	41�40�N.2�48�E	10:00	9.210932501	14.25	13	38	0.48	0.29	0.083	0.861	0.319	1.36	2.023	2.19	8799	8521	46	232	7037	532	513	18	596000	507000	14268	6013	482	2012	12	11	autumn	1100000	14681
Storm + Pis	2012-12-21	3010	3585	356	2012.97	BL121221	41�40�N.2�48�E	10:00	9.147010378	14.18	20	38.24	0.17	0.09	0.073	0.194	0.32	1.049	1.804	NA	4578	4459	20	99	3031	323	308	15	323000	226000	6288	1940	275	2012	12	21	autumn	549000	5449
Storm + Pis	2013-01-15	3035	3610	15	2013.04	BL130115	41�40�N.2�48�E	10:00	9.466265572	13.27	17	38.1	0.89	0.43	0.124	1.174	0.401	1.212	1.564	0.46	12856	12687	17	152	11168	647	630	17	342000	375000	5963	7636	571	2013	01	15	winter	718000	10628
Storm + Pis	2013-02-06	3057	3632	37	2013.1	BL130206	41�40�N.2�48�E	10:00	10.20611037	12.76	12	38.15	0.72	0.37	0.107	5.897	0.698	1.728	1.464	0.18	19835	19560	39	236	18088	250	219	31	275000	359000	3913	13069	683	2013	02	06	winter	634000	13408
Storm + Pis	2013-03-12	3091	3666	71	2013.19	BL130312	41�40�N.2�48�E	10:00	11.71698304	12.78	9	38.14	1.08	0.42	0.164	0.177	0.219	3.289	2.475	1.35	21936	21753	55	128	20397	696	681	15	338000	459000	2806	8592	1278	2013	03	12	winter	797000	11833
Storm + Pis	2013-04-17	3127	3702	107	2013.29	BL130417	41�40�N.2�48�E	10:00	13.38122371	14.51	11	37.87	0.49	0.29	0.084	0.576	0.175	0.646	1.356	4.08	3127	2865	0	262	328	1540	1540	0	668000	773000	885	1818	639	2013	04	17	spring	1440000	79111
Storm + Pis	2013-05-07	3147	3722	127	2013.35	BL130507	41�40�N.2�48�E	10:00	14.21220887	14.96	19	37.73	0.75	0.16	0.097	0.669	0.213	1.374	1.451	2.4	8415	7089	1046	280	6696	210	210	0	403000	487000	127	3822	591	2013	05	07	spring	890000	13200
Storm + Pis	2013-06-04	3175	3750	155	2013.42	BL130604	41�40�N.2�48�E	10:00	15.03462517	16.92	20	37.62	0.31	0.13	0.103	1.962	0.168	0.34	1.249	1.53	1998	1943	19	37	592	847	828	19	387000	365000	147	643	210	2013	06	04	spring	751000	41374
Storm + Pis	2013-06-21	3192	3767	172	2013.47	BL130621	41�40�N.2�48�E	10:00	15.20414176	19.8	16	37.83	0.45	0.11	0.107	0.404	0.135	0.176	0.647	4.36	3776	3544	116	116	1040	827	827	0	305000	710000	266	1496	631	2013	06	21	spring	1010000	35861
Storm + Pis	2013-07-09	3210	3785	194	2013.53	BL130713	41�40�N.2�48�E	10:00	14.97620219	21.61	14	37.87	0.5	0.17	0.088	0.853	0.109	0.134	0.456	1.87	3604	3121	312	171	52	1102	1102	0	289000	506000	36	722	917	2013	07	09	summer	794000	26064
NA	2013-07-09	3210	3785	194	2013.53	BL130709	NA	NA	NA	NA	NA	NA	NA	NA	NA	NA	NA	NA	NA	NA	NA	NA	NA	NA	NA	NA	NA	NA	283000	488000	119	1409	361	2013	07	09	summer	771000	22251
NA	2013-07-09	3210	3785	194	2013.53	BL130709	NA	NA	NA	NA	NA	NA	NA	NA	NA	NA	NA	NA	NA	NA	NA	NA	NA	NA	NA	NA	NA	NA	301000	770000	75	818	528	2013	07	09	summer	1070000	25814
Storm + Pis	2013-08-01	3233	3808	213	2013.58	BL130801	41�40�N.2�48�E	10:00	14.43787618	23.58	17	37.81	0.21	0.1	0.068	3.483	0.221	0.239	0.459	0.76	2224	1882	43	299	107	1036	1036	0	303000	346000	32	1004	135	2013	08	01	summer	648000	24313
Storm + Pis	2013-09-17	3280	3855	260	2013.71	BL130917	41�40�N.2�48�E	10:00	12.45581855	23.41	20	38.12	0.31	0.15	0.082	0.125	0.061	0.316	0.712	4.02	1693	1532	107	53	232	962	962	0	443000	531000	6171	1024	107	2013	09	17	summer	974000	41028
Storm + Pis	2013-10-15	3308	3883	288	2013.79	BL131015	41�40�N.2�48�E	10:00	11.16777513	21.4	20	38.05	0.28	0.16	0.077	0.433	0.099	0.218	0.816	1.39	2041	1908	83	50	116	802	786	16	522000	385000	5382	818	202	2013	10	15	autumn	906000	30771
Storm + Pis	2013-11-05	3329	3904	309	2013.85	BL131105	41�40�N.2�48�E	10:00	10.26268825	18.06	18	38.04	0.42	0.18	0.066	0.316	0.11	0.316	0.81	0.77	1767	1715	0	52	297	712	712	0	595000	528000	11847	417	258	2013	11	05	autumn	1120000	17937
Storm + Pis	2013-12-15	3369	3944	349	2013.96	BL131215	41�40�N.2�48�E	10:00	9.179683856	14.42	8.5	38.13	0.6	0.3	0.173	0.474	0.375	1.53	1.878	0.62	6146	6080	33	33	5234	228	228	0	454000	445000	9096	4878	187	2013	12	15	autumn	899000	11004
Storm + Pis	2013-12-20	3374	3949	354	2013.97	BL131220	41�40�N.2�48�E	10:00	9.150506179	13.61	10	38.1	0.49	0.18	0.161	0.417	0.368	2.871	2.253	0.23	6098	5980	30	89	4973	603	603	0	307000	308000	6604	2973	155	2013	12	20	autumn	615000	4845
Flame	2014-01-14	3399	3974	14	2014.04	BL140114	41�40�N.2�48�E	10:00	9.441090391	14.28	15	38.19	1.02	0.66	0.071	0.448	0.157	0.772	0.905	0.97	19389	19065	15	308	17510	770	751	19	418000	487000	35996	11259	242	2014	01	14	winter	905000	25896
Flame	2014-02-11	3427	4002	42	2014.12	BL140211	41�40�N.2�48�E	10:00	10.41078106	13.4	8	NA	0.91	0.39	0.097	0.836	0.269	1.043	0.973	1.05	13708	13539	92	77	12507	683	665	18	489000	368000	5269	12252	1526	2014	02	11	winter	857000	16761
Flame	2014-03-10	3454	4029	69	2014.19	BL140310	41�40�N.2�48�E	10:00	11.62350701	13.76	15	37.92	0.6	0.24	0.085	0.199	0.128	0.425	0.768	2.28	7173	6798	0	376	4310	704	657	47	386000	331000	10941	3370	1059	2014	03	10	winter	717000	28291
Flame	2014-03-10	3454	4029	69	2014.19	NA	NA	NA	11.62350701	NA	NA	NA	NA	NA	0.096	1.754	0.2	3.012	2.8	1.81	NA	NA	NA	NA	NA	NA	NA	NA	341000	242000	10652	4119	1314	2014	03	10	winter	583000	28082
Flame	2014-03-10	3454	4029	69	2014.19	NA	NA	NA	11.62350701	NA	NA	NA	NA	NA	0.094	0.199	0.159	0.394	0.966	1.72	NA	NA	NA	NA	NA	NA	NA	NA	560000	263000	13990	4854	1704	2014	03	10	winter	824000	36239
Flame	2014-04-07	3482	4057	97	2014.27	BL140407	41�40�N.2�48�E	10:00	12.9298971	14.12	15.5	37.89	0.3	0.16	0.097	0.906	0.199	0.775	1.303	3.51	3628	3480	56	93	2332	529	529	0	564000	327000	9098	2202	739	2014	04	07	spring	891000	44153
Micro3B	2014-05-05	3510	4085	125	2014.34	BL140505	41�40�N.2�48�E	10:00	14.13538227	16.22	16	37.85	0.29	0.15	0.046	0.156	0.239	0.104	0.986	3.37	1904	1862	0	41	62	1337	1337	0	477000	275000	3669	1349	1544	2014	05	05	spring	751000	24468
NA	2014-06-02	3538	4113	153	2014.42	BL140602	41�40�N.2�48�E	10:00	14.99582855	17.53	15	37.81	0.26	0.12	0.058	1.556	0.08	0.095	0.935	1.37	2633	2552	20	61	81	1673	1673	0	475000	342000	1687	1467	1565	2014	06	02	spring	817000	31462
Micro3B	2014-06-21	3557	4132	172	2014.47	BL140621	41�40�N.2�48�E	10:00	15.20414176	20.66	17	37.83	0.15	0.09	0.077	0.231	0.038	0.185	0.909	1.82	1644	1569	56	19	93	1475	1475	0	392000	287000	735	767	920	2014	06	21	spring	679000	18172
NA	2014-07-07	3573	4148	188	2014.52	BL140707	41�40�N.2�48�E	10:00	15.08620564	21.99	14	37.89	0.29	0.09	0.099	0.838	0.027	7.286	0.915	1.59	2064	1942	70	52	52	1837	1793	44	525000	279000	1230	1119	1185	2014	07	07	summer	805000	45477
NA	2014-08-04	3601	4176	216	2014.59	BL140804	41�40�N.2�48�E	10:00	14.33191829	24.77	18	37.91	0.36	0.14	0.092	0.114	0.021	0.148	0.904	4.92	1664	1370	114	179	65	1674	1674	0	588000	340000	2349	847	1268	2014	08	04	summer	929000	52784
NA	2014-09-16	3644	4219	259	2014.71	BL140916	41�40�N.2�48�E	10:00	12.50182572	23	20	NA	0.17	0.12	0.082	0.3	0.014	0.114	0.881	4.73	1993	1856	0	34	170	1417	1417	0	573000	270000	7589	652	732	2014	09	16	summer	843000	28138
NA	2014-10-07	3665	4240	280	2014.77	BL141007	41�40�N.2�48�E	10:00	11.5325262	21.3	12	NA	0.3	0.18	0.081	0.172	0.027	0.205	0.87	4.48	2196	2015	91	73	599	1069	1069	0	NA	NA	NA	NA	NA	2014	10	07	autumn	1080000	63307
NA	2014-11-11	3700	4275	315	2014.86	BL141111	41�40�N.2�48�E	10:00	10.02970408	18.94	15	38.17	0.2	0.12	0.045	0.067	0.029	0.189	0.814	1.44	1518	1395	18	106	106	1031	1031	0	528000	286000	9032	307	599	2014	11	11	autumn	814000	23399
NA	2014-12-16	3735	4310	350	2014.96	BL141216	41�40�N.2�48�E	10:00	9.171535126	15.88	11	37.78	0.44	0.18	0.074	0.028	0.315	0.811	1.233	7.6	3804	3306	309	120	2309	576	576	0	303000	263000	4467	1875	470	2014	12	16	autumn	566000	5056
Mefisto	2015-01-13	3763	4338	13	2015.04	BL150113	41�40�N.2�48�E	10:00	9.416821946	14.47	13	37.82	0.6	0.28	0.119	2.624	0.288	3.001	1.742	0.37	8096	7970	0	54	6927	395	395	0	368000	397000	8155	6892	566	2015	01	13	winter	765000	7581
Mefisto	2015-02-10	3791	4366	41	2015.11	BL150210	41�40�N.2�48�E	10:00	10.36909419	13.05	13.5	38.09	0.7	0.25	0.085	2.013	0.345	1.603	1.395	0.3	9798	9685	23	91	7081	568	550	18	405000	466000	4108	6397	380	2015	02	10	winter	871000	5227
Mefisto	2015-03-10	3819	4394	69	2015.19	BL150310	41�40�N.2�48�E	10:00	11.62350701	13.27	16.5	38.11	0.61	0.31	0.058	0.396	0.23	1.447	1.628	0.2	27769	27683	64	21	25246	396	377	19	415000	321000	4114	14575	538	2015	03	10	winter	736000	5291
Mefisto	2015-04-15	3855	4430	105	2015.29	BL150415	41�40�N.2�48�E	10:00	NA	14.38	16	37.95	0.33	0.22	0.035	0.497	0.166	0.849	1.805	0.18	8561	8461	0	100	6311	1849	1849	0	846000	403000	4363	7261	586	2015	04	15	spring	1250000	22090
Mefisto	2015-05-12	3882	4457	132	2015.36	BL150512	41�40�N.2�48�E	10:00	NA	17.71	16	37.79	0.37	0.12	0.048	0.772	0.057	0.208	0.354	0.37	2790	2261	481	48	241	1395	1395	0	365000	362000	1060	1626	971	2015	05	12	spring	727000	19837
Mefisto	2015-06-09	3910	4485	160	2015.44	BL150609	41�40�N.2�48�E	10:00	NA	18.97	18	37.7	0.33	0.13	0.037	0.205	0.053	0.232	0.672	0.26	2208	1965	142	101	41	2284	2284	0	424000	362000	823	1043	1022	2015	06	09	spring	786000	37039
Mefisto	2015-06-22	3923	4498	173	2015.47	BL150622	41�40�N.2�48�E	10:00	NA	20.59	16	37.65	0.18	0.09	0.037	0.412	0.07	0.249	0.54	0.22	2172	2078	94	0	94	2220	2220	0	323000	299000	279	747	895	2015	06	22	spring	622000	14103
Mefisto	2015-07-07	3938	4513	188	2015.52	BL150707	41�40�N.2�48�E	10:00	NA	18.9	15	37.87	0.51	0.06	0.084	1.266	0.157	0.396	1.036	0.21	4001	3697	253	51	1165	2127	2076	51	485000	534000	1094	4691	1330	2015	07	07	summer	1020000	25875
Mefisto	2015-08-04	3966	4541	216	2015.59	BL150804	41�40�N.2�48�E	10:00	NA	25.48	18	38.02	0.23	0.12	0.051	0.291	0.023	0.209	0.77	0.36	3452	3032	233	187	280	1353	1306	47	398000	279000	790	832	971	2015	08	04	summer	677000	45294
Mefisto	2015-09-16	4009	4584	259	2015.71	BL150916	41�40�N.2�48�E	10:00	NA	21.3	11.5	38.09	0.31	0.17	0.052	0.147	0.049	0.656	1.846	0.43	2536	2264	136	136	453	1177	1132	45	504000	392000	15230	1571	633	2015	09	16	summer	896000	54490
Mefisto	2015-10-06	4029	4604	279	2015.76	BL151006	41�40�N.2�48�E	10:00	NA	19.47	11	38.08	0.35	0.23	0.056	0.365	0.046	0.344	1.24	0.37	1924	1879	0	46	92	1833	1833	0	519000	254000	16788	2719	422	2015	10	06	autumn	773000	31866
Mefisto	2015-11-10	4064	4639	314	2015.86	BL151110	41�40�N.2�48�E	10:00	NA	17.64	16	38.2	0.62	0.27	0.053	0.375	0.063	0.24	0.994	0.4	2284	2130	77	77	539	1206	1206	0	601000	378000	15281	2538	642	2015	11	10	autumn	980000	36076
Mefisto	2015-12-15	4099	4674	349	2015.96	BL151215	41�40�N.2�48�E	10:00	NA	15.38	18	38.27	0.6	0.37	0.058	0.352	0.175	0.893	1.756	0.38	4980	4928	26	26	3884	626	626	0	497000	267000	9382	9095	705	2015	12	15	autumn	763000	12494
Remei	2016-01-16	4131	4706	16	2016.04	BL160119	41�40�N.2�48�E	10:00	NA	13.91	15	38.27	1.14	0.34	0.038	9.979	0.217	0.723	0.907	0.37	3930	3727	87	116	2309	666	666	0	361000	139000	10130	2124	549	2016	01	16	winter	500000	10379
Remei	2016-02-10	4156	4731	41	2016.11	BL160210	41�40�N.2�48�E	10:00	NA	13.61	14	38.28	1.52	0.32	0.066	0.815	0.206	0.794	0.911	0.39	6724	6366	198	159	4859	729	729	0	486000	295000	3281	4366	705	2016	02	10	winter	781000	5046
Remei	2016-03-08	4183	4758	68	2016.19	BL160308	41�40�N.2�48�E	10:00	NA	13.33	14	38.27	0.98	0.32	0.053	3.529	0.384	1.18	1.311	0.44	11820	11521	19	280	8774	751	751	0	583000	575000	4163	11569	2512	2016	03	08	winter	1160000	14217
Remei	2016-04-05	4211	4786	96	2016.26	BL160405	41�40�N.2�48�E	10:00	NA	13.56	16	38.15	0.55	0.38	0.048	1.726	0.309	0.797	1.223	0.39	16274	16017	18	238	15394	1590	1590	0	960000	766000	12372	18384	608	2016	04	05	spring	1730000	102093
Remei	2016-05-04	4240	4815	125	2016.34	BL160504	41�40�N.2�48�E	10:00	NA	15.57	20	37.89	0.2	0.15	0.028	0.407	0.057	0.454	1.53	0.39	1694	1559	0	135	135	1366	1366	0	746000	421000	5004	1060	798	2016	05	04	spring	1170000	59730
Remei	2016-06-07	4274	4849	159	2016.44	BL160607	41�40�N.2�48�E	10:00	NA	20.11	17	38.03	0.2	0.1	0.022	0.547	0.036	0.083	0.453	0.46	4896	4742	66	88	308	1260	1204	56	515000	310000	688	1258	1051	2016	06	07	spring	825000	13216
Remei	2016-06-21	4288	4863	173	2016.47	BL160621	41�40�N.2�48�E	10:00	NA	21.58	14	37.73	0.16	0.06	0.019	2.098	0.056	0.101	0.143	0.38	1793	1631	149	12	102	1312	1263	50	445000	292000	329	756	735	2016	06	21	spring	737000	11540
Remei	2016-07-05	4302	4877	187	2016.51	BL160705	41�40�N.2�48�E	10:00	NA	23.64	20	37.86	0.16	0.09	0.033	0.727	0.051	0.156	0.212	0.09	1469	1350	84	34	118	1752	1725	27	644000	254000	367	980	638	2016	07	05	summer	899000	31204
Remei	2016-08-02	4330	4905	215	2016.59	BL160802	41�40�N.2�48�E	10:00	NA	24	18	NA	0.17	0.09	0.049	2.398	0.092	0.257	0.318	1.38	1374	1166	0	207	207	1215	1215	0	644000	346000	1339	557	321	2016	08	02	summer	990000	45433
Remei	2016-09-13	4372	4947	257	2016.7	BL160913	41�40�N.2�48�E	10:00	NA	22.72	20	37.93	0.27	0.15	0.025	1.518	0.084	0.187	0.499	2.87	3351	2672	317	362	317	1498	1498	0	578000	551000	9306	1115	1524	2016	09	13	summer	1130000	49326
Remei	2016-10-18	4407	4982	292	2016.8	BL161018	41�40�N.2�48�E	10:00	NA	19.09	16	38.16	0.35	0.32	0.033	2.208	0.115	0.976	0.874	1.35	1943	1797	73	73	291	1389	1389	0	618000	444000	21319	980	587	2016	10	18	autumn	1060000	45403
Remei	2016-11-08	4428	5003	313	2016.86	BL161108	41�40�N.2�48�E	10:00	NA	17.74	17	38.25	0.44	0.19	0.03	0.539	0.107	0.123	0.751	1.06	3162	2978	46	137	1054	590	581	8	493000	393000	11261	1541	714	2016	11	08	autumn	886000	27707
Remei	2016-12-13	4463	5038	348	2016.95	BL161213	41�40�N.2�48�E	10:00	NA	13.98	10	36.34	1.27	0.22	0.038	0.811	0.266	1.941	0.147	1.12	5524	4619	724	181	1494	1349	1331	18	372000	464000	1533	1347	1132	2016	12	13	autumn	836000	7803
Remei	2017-01-24	4505	5080	24	2017.07	BL170124	41�40�N.2�48�E	10:00	NA	12.99	5	38.1	0.43	0.14	0.125	0.286	0.335	1.386	1.782	0.64	NA	NA	NA	NA	NA	NA	NA	NA	328000	325000	2909	2415	3728	2017	01	24	winter	652000	10387
Remei	2017-02-20	4532	5107	51	2017.14	BL170220	41�40�N.2�48�E	10:00	NA	12.8	8	38.01	1.2	0.65	0.044	0.214	0.28	1.167	1.507	0.67	NA	NA	NA	NA	NA	NA	NA	NA	398000	637000	7056	13486	2647	2017	02	20	winter	1040000	10590
Remei	2017-03-14	4554	5129	73	2017.2	BL170314	41�40�N.2�48�E	10:00	NA	13.53	10	38.07	1.13	0.72	0.02	0.295	0.042	0.065	1.696	0.69	NA	NA	NA	NA	NA	NA	NA	NA	642000	655000	13119	8609	2884	2017	03	14	winter	1300000	54410
Remei	2017-04-04	4575	5150	94	2017.26	BL170404	41�40�N.2�48�E	10:00	NA	NA	NA	NA	0.34	0.24	0.028	0.506	0.153	0.48	1.634	0.62	NA	NA	NA	NA	NA	NA	NA	NA	554000	520000	5409	2808	1634	2017	04	04	spring	1070000	61997
Remei	2017-04-25	4596	5171	115	2017.32	BL170425	41�40�N.2�48�E	10:00	NA	NA	NA	NA	0.43	0.23	0.028	1.567	0.119	0.357	1.194	NA	NA	NA	NA	NA	NA	NA	NA	NA	NA	NA	NA	NA	NA	2017	04	25	spring	NA	NA
Remei	2017-05-09	4610	5185	129	2017.35	BL170509	41�40�N.2�48�E	10:00	NA	NA	NA	NA	0.35	0.18	0.032	0.291	0.039	0.148	0.837	NA	NA	NA	NA	NA	NA	NA	NA	NA	NA	NA	NA	NA	NA	2017	05	09	spring	NA	NA
Remei	2017-06-06	4638	5213	157	2017.43	BL170606	41�40�N.2�48�E	10:00	NA	NA	NA	NA	0.26	0.18	0.012	2.15	0.034	0.086	0.576	NA	NA	NA	NA	NA	NA	NA	NA	NA	NA	NA	NA	NA	NA	2017	06	06	spring	NA	NA
Remei	2017-07-04	4666	5241	185	2017.51	BL170704	41�40�N.2�48�E	10:00	NA	NA	NA	NA	0.13	0.06	0.015	0.431	0.036	0.034	0.69	NA	NA	NA	NA	NA	NA	NA	NA	NA	NA	NA	NA	NA	NA	2017	07	04	summer	NA	NA
Remei	2017-08-01	4694	5269	213	2017.58	BL170801	41�40�N.2�48�E	10:00	NA	NA	NA	NA	0.23	0.22	0.022	0.361	0.029	0.071	0.702	NA	NA	NA	NA	NA	NA	NA	NA	NA	NA	NA	NA	NA	NA	2017	08	01	summer	NA	NA
Remei	2017-09-13	4737	5312	256	2017.7	BL170913	41�40�N.2�48�E	10:00	NA	NA	NA	NA	0.19	0.13	0.025	0.35	0.039	0.054	0.8	NA	NA	NA	NA	NA	NA	NA	NA	NA	NA	NA	NA	NA	NA	2017	09	13	summer	NA	NA
Remei	2017-10-10	4764	5339	283	2017.78	BL171010	41�40�N.2�48�E	10:00	NA	NA	NA	NA	0.36	0.17	0.021	0.764	0.043	0.277	0.634	NA	NA	NA	NA	NA	NA	NA	NA	NA	NA	NA	NA	NA	NA	2017	10	10	autumn	NA	NA
Remei	2017-11-06	4791	5366	310	2017.85	BL171106	41�40�N.2�48�E	10:00	NA	NA	NA	NA	0.46	0.17	0.025	0.2	0.04	0.155	0.663	NA	NA	NA	NA	NA	NA	NA	NA	NA	NA	NA	NA	NA	NA	2017	11	06	autumn	NA	NA
Remei	2017-12-12	4827	5402	346	2017.95	BL171212	41�40�N.2�48�E	10:00	NA	NA	NA	NA	0.34	0.1	0.155	0.502	0.217	3.616	2.569	NA	NA	NA	NA	NA	NA	NA	NA	NA	NA	NA	NA	NA	NA	2017	12	12	autumn	NA	NA
